Country Name,Country Code,2000,2001,2002,2003,2004,2005,2006,2007,2008,2009,2010,2011,2012,2013,2014,2015,2016,2017,2018,2019
Afghanistan,AFG,0.0388886404336861,0.037077233197309,0.0490470197787003,0.0538747195803349,0.0437301352730113,0.063495466170261,0.0691743844762328,0.0683310586911881,0.134709695975708,0.178197750875713,0.252220037661822,0.305307954864333,0.265209508578463,0.189910278046671,0.149161535350241,0.176278015184889,0.15301907020982,0.134106112096442,0.165454681763912,0.160976451493467
Albania,ALB,1.026213108529,1.05549588209555,1.23237878291558,1.3389849808862,1.40405868767094,1.33820939947885,1.33999573904164,1.3939313702533,1.38431124871868,1.44149356167856,1.52762366260495,1.66942319005525,1.50324046003101,1.53363003912154,1.66833737091547,1.60377514987108,1.55766435847472,1.78878607422544,1.78273894754715,1.69224831964856
Algeria,DZA,2.60116932065548,2.52075375184469,2.6055586914062,2.75113315210834,2.75267566490605,2.85799339804472,2.98518793909253,3.02349702992544,3.11690111934211,3.18700648510356,3.18437374165018,3.30537210161235,3.62125480164594,3.6583608983826,3.81164512736797,3.9518851802378,3.84017303961871,3.84913201847066,3.9482902580223,4.01003452306043
American Samoa,ASM,..,..,..,..,..,..,..,..,..,..,..,..,..,..,..,..,..,..,..,..
Andorra,AND,7.86722544139674,7.6673547626069,7.48069798288996,7.17117419716361,7.27906103212127,7.2658029127189,6.85606028248126,6.90819800247764,7.10012519173851,7.04110898725172,7.27079490661942,6.94375571494811,6.90014517816094,6.72579748723029,6.42269737011002,6.55088783775969,6.47918388210514,6.36537235813897,6.53220121227978,6.54938894201171
Angola,AGO,0.988162665238182,0.942060504721311,0.895745322664047,0.924723238442631,0.929619336237945,0.812813415503919,0.821333211618413,0.811585642009439,0.88882655106661,0.939679489694506,0.975852538278588,0.98396024649186,0.947662542550856,1.03109331939749,1.0922158317617,1.1252244580544,1.02076005837546,0.802750790270912,0.766143022103473,0.77920257513549
Antigua and Barbuda,ATG,4.3967756978216,4.59227186249426,5.05214049737528,5.25136082515173,5.0670754862551,5.13340590746999,5.43914948533054,5.60866182628572,5.76569637927669,16.4430878190419,5.71795331742509,6.22629133804923,7.98412286514897,5.31091448080621,5.3789949041997,5.44801602758189,5.52095755487832,5.48732975559433,5.56610558644115,5.64499474501464
Argentina,ARG,3.56803987960974,3.34200513317688,3.10069722584613,3.33506078457966,3.65617809467905,3.73657879363165,3.92381838907273,4.08289558524386,4.15233040959089,3.84840985551293,4.09968971416256,4.2809893532601,4.26422378235981,4.34211506853729,4.20909563279429,4.30191387639872,4.20184577616112,4.07130836193664,3.97577197057929,3.74065029063396
Armenia,ARM,1.12355188837196,1.14900963348827,1.00481890732995,1.13485221954397,1.22645555663085,1.46361666834478,1.483568657221,1.73079880337397,1.90720654484247,1.52144058113017,1.47303752633831,1.68659629072429,1.96265391657267,1.89564638956912,1.89623970790763,1.85507171122992,1.76911796096474,1.88293999717351,2.01300380642694,2.1874763175712
Aruba,ABW,..,..,..,..,..,..,..,..,..,..,..,..,..,..,..,..,..,..,..,..
Australia,AUS,17.8387478097675,17.9323144883026,18.1259906980837,17.8786414814145,18.3522349611154,18.3423134132321,18.3605014176042,18.5210774422543,18.3037488820829,18.2231390362423,17.5900692657153,17.2954158367427,17.0220422280855,16.4423157091219,15.8304215213482,15.863288004258,15.914657116179,15.8232417405578,15.5034862846486,15.2536183403361
Austria,AUT,7.92978551259517,8.44410916140459,8.58331747454014,9.16834390776994,9.27561409968639,9.26611355969716,8.96156919548461,8.58780176061628,8.49967401978365,7.72114398171392,8.36501490116616,8.13547438124649,7.72361448670012,7.75369957604068,7.26040422807808,7.31715887345687,7.28881998322196,7.4861615826868,7.13306391934265,7.2939842524557
Azerbaijan,AZE,3.44034987451234,3.25475885195779,3.20364176300342,3.46971735767409,3.40817425702069,3.57966371128265,3.59359067612522,3.2197917752283,3.47467886470314,2.85003995085413,2.68490259313911,2.97391876434174,3.2391028675313,3.28561690260393,3.38119922010786,3.29245286882946,3.30401955668615,3.24334199859821,3.2928323542098,3.54239782750878
Bahamas,BHS,6.86124290030583,6.73490562030908,7.18558600058512,7.03122725764696,6.5580651084704,6.06663492971855,5.95467613545066,5.9273173451183,6.0640307823529,16.7637080025484,5.57234382355507,6.79984107221273,9.29170983773869,7.28639943674197,6.47596819818136,5.62774871757862,5.15182728714122,5.43832408474249,6.96680306418984,7.02002416017844
Bahrain,BHR,22.3208638230523,22.4441532227695,23.0114219420391,23.0515415673732,21.5129627358727,22.9399254857771,23.1621419689141,22.1040775295714,22.2994157921307,20.9588676389432,21.3983490339881,21.467283396817,22.1806964071631,22.8664641166687,23.0945126025605,22.4499354132727,21.4945289946026,20.9495388340495,20.7148328330727,22.2595806695899
Bangladesh,BGD,0.167578314629207,0.195791791879492,0.204488116043745,0.209738657425867,0.219973061310162,0.232129713068738,0.251702276981285,0.263570649068447,0.285927829584482,0.305030148225566,0.340855944444599,0.362290353952064,0.381285779630454,0.39342948638202,0.409268211026216,0.457390879055986,0.465501757675485,0.490376738268744,0.50982391901986,0.548224196802713
Barbados,BRB,4.68530966496257,4.93637353651598,5.14158114791755,5.15889777244636,5.06508264019333,5.26946625160834,5.43588805994353,5.45232172777254,6.52887549797264,16.8741846355763,5.64229299997554,6.38870937348272,7.67568034974703,5.20109099099005,4.57669195592865,4.56698173180853,4.62947996171897,4.22655763895851,4.43351166133956,4.46141766007567
Belarus,BLR,5.30481652088609,5.2253355450026,5.25464983319608,5.37933561051115,5.75942035356173,5.87546545880183,6.15517612964817,6.02973380643947,6.3528646171564,6.03919199041966,6.50264283027936,6.18814293004508,6.34498139130488,6.35271219487384,6.29728586979012,5.79426692004421,5.82297945722189,5.92135145960453,6.24550731507705,6.12223776544422
Belgium,BEL,11.4395805389587,11.5043206822099,10.7279884826909,11.1313145272907,10.9412242294738,10.5557823718867,10.3005720657855,9.84311587357925,9.98415218275303,9.23170127271377,9.79479224161996,8.74050515161928,8.5775258769088,8.65547751219134,8.04171121528318,8.43785199879601,8.31493180826759,8.15109567890864,8.19633858929077,8.09558395403513
Belize,BLZ,1.87183348169347,2.13623538895607,2.0313530801428,1.93183278079098,1.61688616245228,1.67632634438843,1.76636219591124,1.78347283026981,1.63574562192684,4.64715087690134,1.73855812181141,2.0331494901629,1.98778260390407,1.3345402460911,1.36233978818784,1.8895660032416,1.76960787164664,1.70806496437052,1.64892975358087,1.64484248241402
Benin,BEN,0.202914451695858,0.241263187494358,0.293334730946423,0.31857080486918,0.335674452966872,0.355853600774169,0.41296589468349,0.462547473270827,0.451357320272098,0.481874443178168,0.51134323663399,0.478081269225285,0.443375821240903,0.453984130764762,0.488937949273721,0.503988804029298,0.598574501979173,0.592405864211009,0.621404996371979,0.593957402249655
Bermuda,BMU,..,..,..,..,..,..,..,..,..,..,..,..,..,..,..,..,..,..,..,..
Bhutan,BTN,0.35762516455015,0.381278243600328,0.38769206044698,0.409689456110845,0.446160010916074,0.482419564597403,0.475299279397919,0.469473914631218,0.434948410656423,0.458664301937918,0.566960927832202,0.827105472458026,0.887477533221315,0.919207199847029,0.950625835130339,1.03595710454895,1.24039528216666,1.28286349487745,1.37777911485729,1.36815120067167
Bolivia,BOL,0.955467087242873,0.920411923782118,0.932523205584944,1.00249762389359,1.02969970539283,1.07172703003597,1.17682030081501,1.24393068131424,1.32684340471035,1.39285229985285,1.48386964995485,1.59769214871903,1.64810780065823,1.74433500867543,1.86956344707675,1.87194239078256,1.95418369139008,1.98941317383282,2.00139481991421,1.89686699834282
Bosnia and Herzegovina,BIH,3.34023233277902,3.28014852207378,3.46797964458371,3.55422169250248,3.75827319649329,3.96405037109821,4.41341061954135,4.7132195181808,5.26450330803577,5.30978019536791,5.46825477464386,6.3422653404862,5.97652799755079,6.03998452588325,5.45775095044905,5.56702529030628,6.41772191918839,6.59297159736706,6.64680674805859,6.26950657013477
Botswana,BWA,2.33354661447552,2.19645502375236,2.2449628772336,2.14575481374025,2.13545912565065,2.26119208657214,2.12059504858594,2.19626369381105,2.18699552960445,2.04490297312317,1.61115737783845,1.81815034811529,1.56750983639091,2.44443866592008,3.09240576396058,3.0149606295,2.81837911085493,3.05182690092015,2.98195851560451,2.90034572120997
Brazil,BRA,1.78349556716035,1.79213640643858,1.76067069142823,1.70186292670222,1.77845580136677,1.77566775359549,1.77745356897497,1.84799773777837,1.93919920983155,1.79932351502126,2.02660002948041,2.11070141598389,2.27140323689344,2.4134232194084,2.51460176559425,2.36534062149377,2.16127283490961,2.18934835043912,2.06498086163178,2.05068507848387
British Virgin Islands,VGB,..,..,..,..,..,..,..,..,..,..,..,..,..,..,..,..,..,..,..,..
Brunei Darussalam,BRN,14.1348682043327,13.8225316069353,13.2963794290589,15.591238348025,14.1485483995011,13.6072223843404,20.1712409093327,18.8515843423215,20.5685336466167,20.1634078608061,18.1036378370924,18.2562649716469,17.9522622081156,17.5126670216491,16.992434823226,15.1861371815181,16.3617323018438,16.9426134896044,17.3623103429011,15.9571548577283
Bulgaria,BGR,5.31445360024244,5.76715957839179,5.5632388404578,6.16437100396881,6.12554853369942,6.2658541744854,6.43992357382198,6.97119181064137,6.67862442701865,5.76403094864345,6.04954401644367,6.75527812444523,6.16215310962387,5.45896380820016,5.82092471406323,6.20786531681232,5.83488198114205,6.2012902397538,5.82203361005485,5.61085727989368
Burkina Faso,BFA,0.0791053488007293,0.0791851989964868,0.0759958467114917,0.0798121867114876,0.0788339845278287,0.0763901874622177,0.086614909802219,0.0955473941935508,0.111857452004681,0.110542976813291,0.142087360265178,0.148169110953845,0.171791872001996,0.177473786864135,0.175015284489386,0.197670493212114,0.191953538512142,0.215266714498889,0.229003261422908,0.238644814374665
Burundi,BDI,0.0412197298554028,0.0309323202379809,0.0315839903219866,0.0233207386412289,0.021065949051929,0.0203007935932409,0.0235042493268719,0.022656874259332,0.0217440972512632,0.0206674064624861,0.0328709319534404,0.0380721425092179,0.0377725279966781,0.0384252452781909,0.0362080176588056,0.0372885697074809,0.0403546548329527,0.0475097981245615,0.060034078267717,0.0606324085103501
Cabo Verde,CPV,0.480086240946555,0.51506788165457,0.591677217240825,0.645713612234786,0.678198813178886,0.892808221984214,1.00223699296831,0.911372960247596,0.940556788608219,0.989065954144685,1.03604679373781,1.08052569063117,0.992762148018542,0.944549376714555,0.915623466330694,0.905524787835542,0.984967624868693,1.04433276651543,1.06792345668453,1.12645785515162
Cambodia,KHM,0.161731637538606,0.174255677006809,0.175930498231737,0.186116209582554,0.182846671659937,0.200806508805379,0.219620757852386,0.266865173944735,0.291166993221657,0.335552927646312,0.357850692050228,0.367781146448898,0.383454258458578,0.382674738600686,0.456911670771211,0.546780459168167,0.708498843541959,0.801607534604672,0.909814875991614,0.99828812132025
Cameroon,CMR,0.34522529561821,0.333048198464196,0.322357011226565,0.318570147014739,0.304591344927223,0.290590465409952,0.286739038278866,0.335856077095948,0.340308478537511,0.363885320421893,0.352650544997596,0.333025685218914,0.327109945380291,0.349006265505232,0.369962041894502,0.367623959372033,0.382934447092252,0.375924733895672,0.382426004161859,0.36575423097444
Canada,CAN,16.7576264276587,16.3315689530885,16.720301488588,17.2083016115187,16.7942699644123,17.0274852712361,16.5953499034722,17.3805701106315,16.5569229400011,15.5021450251107,15.7921412349155,15.9959443011623,15.7344739563127,15.8384602717471,15.8499054086669,15.6485856056048,15.420601713058,15.5445710376544,15.6505790424074,15.4306128276297
Cayman Islands,CYM,..,..,..,..,..,..,..,..,..,..,..,..,..,..,..,..,..,..,..,..
Central African Republic,CAF,0.0638438804310526,0.0650233446812074,0.0636027443820968,0.0571167334822321,0.0558912007743908,0.0522710087420666,0.0535587218216683,0.0548500079956646,0.0380548768752691,0.0372436218738666,0.0364801625788082,0.0401519683585186,0.0418996818934784,0.0249873600016056,0.0270904774533508,0.0394245422791523,0.0428206391089655,0.0440286976667206,0.0451442464978517,0.0460712358524027
Chad,TCD,0.0351126273846771,0.0398182227862356,0.045257219511933,0.0489323704688429,0.046809158750881,0.0479759533792827,0.0492011366102632,0.0466299117267793,0.0486545066557265,0.0687187913580705,0.104247874670578,0.0893021704357751,0.145826242412536,0.16569863287437,0.164998116426998,0.169020777454819,0.151446781920199,0.142517342395542,0.140346743425041,0.139518738482728
Channel Islands,CHI,..,..,..,..,..,..,..,..,..,..,..,..,..,..,..,..,..,..,..,..
Chile,CHL,3.28430563740445,3.11969006913048,3.12990035752261,3.16537273732221,3.4317716257297,3.46021175238628,3.49871371161349,3.91439186129147,4.08067418476059,3.88809237634111,4.10193692579499,4.45277178026396,4.52145306624735,4.74016878998625,4.32857635960575,4.601535129635,4.78271270581768,4.74016031262651,4.63119173167597,4.79897448626273
China,CHN,2.65041242787957,2.77476117466682,2.97567952092608,3.42743725260012,3.9541074584563,4.46770002977058,4.91027613220527,5.30636601507814,5.43507562169489,5.79831875382626,6.33541769065302,6.90134442946652,7.04618267539082,7.32414711459464,7.29423550644745,7.14644935672822,7.11538500511605,7.23098503140634,7.48733189390915,7.60593696057347
Colombia,COL,1.48769091321501,1.47949658459443,1.40332056883708,1.36661377467152,1.34723491047339,1.3651993392295,1.34875084783123,1.36653592992344,1.36436315722078,1.39933462260926,1.41824009736167,1.52508668273138,1.52241846358269,1.66227165901137,1.69673265510675,1.70268392374705,1.73602818684005,1.55092877480428,1.59486288811298,1.61474774997391
Comoros,COM,0.186303697383178,0.200824842398141,0.196763419540672,0.245558031670051,0.25810715569447,0.253086398564602,0.281150669945885,0.178311197463368,0.174750185718071,0.217901207633462,0.259136863572276,0.223856883763756,0.233729158186029,0.271664139640823,0.237891333742141,0.260196979545524,0.294814479689838,0.367616168273797,0.386442081893423,0.404558352293774
"Congo, Dem. Rep.",COD,0.0335278379890439,0.0313331619788564,0.0319383242719429,0.0375900005636621,0.0353913814585773,0.0390802897491671,0.039053379828377,0.040969044762284,0.0409640362793621,0.0388982569722169,0.0399148956521102,0.0439885243105059,0.0398603496655048,0.0539068732113073,0.0675999226373524,0.0410644184402871,0.0297184212378288,0.0338145376085783,0.0358260953677957,0.035703604452862
"Congo, Rep.",COG,1.38798926621634,1.30297123537346,0.828540702801626,0.94316125431496,0.99350495593199,1.17347913774046,1.25349995523808,1.0489522219632,1.06611844710424,1.13688951562116,1.22130278220295,1.17359219426853,1.11600114928633,1.10396169474611,1.04957450921683,1.11760830383231,1.06037914531127,1.01838358377139,1.19278180824224,1.30323966861845
Costa Rica,CRI,1.24397082524019,1.33720778185848,1.33895337529687,1.38470762155819,1.39672687575726,1.45277204452445,1.49834221743219,1.71170436537154,1.67039803251246,1.57786531237573,1.53821127310116,1.58763190450845,1.5728604524951,1.62369683406431,1.61633658521253,1.54027113712724,1.63390596015859,1.65403715794009,1.6604724402357,1.62060141840353
Cote d'Ivoire,CIV,0.38631711218137,0.376330755419337,0.38679258042432,0.293103762032616,0.294959741239501,0.309959592679415,0.293904457910232,0.285603266141485,0.319593770627773,0.291617642654382,0.30066227636444,0.283820632292977,0.365276687180907,0.386750453124833,0.400077310996196,0.415735394121447,0.396058059904788,0.424983645358917,0.399702062320862,0.414187926192633
Croatia,HRV,4.03732782609591,4.46548805691265,4.71389597134972,5.02161212807634,4.90173311840118,4.97663089361019,5.01257332665105,5.30831722875359,5.04210834436146,4.71757156457357,4.53039920931556,4.44561577421354,4.07961645686177,3.99700265430152,3.83164446942416,3.94899243160624,4.04374410495304,4.22108594829621,4.01923466854666,4.06370783264011
Cuba,CUB,2.5527222689496,2.46608194699638,2.36525330782231,2.28855277657059,2.25918364457551,2.34036394214252,2.37819737320607,2.45610273689309,2.37216702290556,2.39116876504607,2.48972209001241,2.44187169620142,2.53685249330927,2.54999773788033,2.35527173464459,2.57586173949004,2.39551854435473,2.31466675468265,2.35782342651453,2.28953729585692
Curacao,CUW,..,..,..,..,..,..,..,..,..,..,..,..,..,..,..,..,..,..,..,..
Cyprus,CYP,7.51921724210298,7.24479960200243,7.29998358399048,7.82726038257215,7.63730480679813,7.61767386652623,7.5797915178343,7.73834561406861,7.77194936892333,7.45291944993419,6.99309374053271,6.66325508690257,6.13891580228936,5.51000526864372,5.78592087713163,5.76948984623052,6.02730971623362,6.09007866090625,5.90729954297613,5.85106560779507
Czechia,CZE,12.0106526893106,12.0118180158673,11.6241026972564,12.0433608720608,12.1054015686817,11.7508040045152,11.7786031293504,12.0033078275103,11.3928281667189,10.6444541759874,10.7165940611452,10.4010178048188,10.091539280351,9.62025725850339,9.26430284305406,9.4006680021085,9.62775004201401,9.61164734090237,9.49206819894537,9.02278615795801
Denmark,DNK,9.85089564493027,10.1235672353219,10.0150095216229,10.9876980711583,9.94167284369708,9.26296349191935,10.6910231947409,9.77947563396529,9.12512913943557,8.67810535672043,8.67389123204855,7.73708668950354,6.83528732540744,7.11673784909108,6.34715307409428,5.92946275425465,6.16619029904351,5.74676773694188,5.71834355284233,5.10798850907958
Djibouti,DJI,0.498630114833168,0.496414061581471,0.506887981509315,0.508425599878624,0.488774685822313,0.517535432704817,0.507705921565998,0.543229509623146,0.532345057921302,0.521582991964189,0.565709907132747,0.512376551162576,0.523945899442207,0.576278130743292,0.404413369056983,0.457138776741028,0.41045245239189,0.403755684435101,0.378358648011502,0.391063625017438
Dominica,DMA,1.90208644251309,2.2009302598565,1.75793263188584,2.04552760872046,2.33324578446235,2.32984821655533,2.47301506776263,2.6172302021455,2.6169638445023,7.26881532847777,2.61799152283553,2.61848661884375,3.62907908489142,2.47024806794837,2.59474430457334,2.57117155645231,2.56867652019346,2.4146698548093,2.4003501939785,2.38001906518647
Dominican Republic,DOM,2.18598019785287,2.18940044110997,2.3740488211297,2.09981057334094,1.91084352643123,2.03933155035213,2.19405775932032,2.1941658330786,2.16109548468668,2.03771512715478,2.11543766237757,2.11132422512957,2.16132542533905,2.09608093092447,2.0861467473316,2.26699798272622,2.33576682612585,2.21183991247505,2.35102192970717,2.50232446393338
Ecuador,ECU,1.74632620090418,1.88781755134728,1.84918698710166,1.85397028169914,1.93430273855858,2.04938088023122,2.15075080055448,2.14989854917969,2.18600015810786,2.34013074615713,2.48505879248825,2.43474607724466,2.39539398176723,2.52496524439084,2.61937679867911,2.56361148997837,2.42159405929596,2.30880568546319,2.35900171263576,2.26537072831623
"Egypt, Arab Rep.",EGY,1.60582595505977,1.73908839731419,1.73993093212841,1.75110830819722,1.86397673024349,2.051462096332,2.11770679453358,2.23063452975521,2.26537651652585,2.31178413945947,2.29575309921336,2.30683721640416,2.3564129108806,2.29026379382049,2.29223420823191,2.315505548237,2.31730464010663,2.3797176232848,2.38970672389112,2.36104083450537
El Salvador,SLV,0.944871529359323,0.980278368997152,0.988143123916384,1.08016647320712,1.10675640478765,1.13285979892863,1.19978068722879,1.26238165824681,1.13874210809878,1.09666617223744,1.06967019840796,1.10471153095715,1.09879604428984,1.04435401178196,1.06127265633285,1.12340328284117,1.14710640832411,1.01808718248062,1.08502690624245,1.2419953308516
Equatorial Guinea,GNQ,3.24098473379398,4.7270148900969,6.13964728780215,6.34433426773829,7.50282845661385,9.62154450638031,10.3488111408864,9.00071032030833,9.82943194622877,9.30356451858794,9.09070957719076,8.72803119648132,8.22696340829551,7.37977147242175,6.10724495875263,4.87760346470299,4.76079155482174,3.99808656459244,4.28069925746085,3.44487644137984
Eritrea,ERI,0.267460131724115,0.284330120267579,0.266936327502825,0.260044696639323,0.246096834453758,0.211884466412026,0.180549718681485,0.174289374520963,0.149711601577851,0.152405015619214,0.158844779105685,0.177704615284294,0.190616973263317,0.194153134555371,0.195581358435392,0.194610421705273,0.196119982107334,0.21195591099684,0.246707621245722,0.251513509771479
Estonia,EST,10.6801433086254,11.0797736498777,10.8384382566173,12.3584689316984,12.4912850594574,12.7179786623139,11.8650734270137,14.9028847616406,13.7612274555417,11.2775054538427,14.2698886573161,13.6880113333222,12.7693736048558,14.6586067303827,13.6473080298184,11.8138340162801,12.1523949650918,12.68422804928,11.5887036573437,7.67202927819305
Eswatini,SWZ,0.669580473868894,0.585752201852129,0.590021597424815,0.595014903925519,0.59112523525999,0.615737145765542,0.603116699520886,0.608851619384768,0.578050588814838,0.639335956509692,0.590952047565407,0.59708462247159,0.611816706152138,0.670649430082114,0.666154467898016,0.679050652705721,0.735214292018335,0.77297873500281,0.784193440890813,0.820784292361942
Ethiopia,ETH,0.0531090682585344,0.0637506242490104,0.064299893731575,0.0686084420382145,0.070782567075594,0.0651865767642889,0.0677616883623372,0.0726863089806797,0.0769348328290564,0.0752689317904818,0.0725029129216304,0.0821190375776503,0.0897817323622965,0.103827220993606,0.123713285627605,0.125790592077201,0.142174388148009,0.146213488285353,0.155134409760249,0.160882448704671
Faroe Islands,FRO,..,..,..,..,..,..,..,..,..,..,..,..,..,..,..,..,..,..,..,..
Fiji,FJI,0.972962454459952,1.23615271240432,1.03542689030903,1.22333987216247,1.69610038676884,1.47441541924607,1.5627070108151,1.41470029738265,1.08170680907678,1.07612416543271,1.281528605842,1.22198921600598,1.130552435561,1.23706418965358,1.40897370118073,1.50457914874796,1.65510450670427,1.79539266996454,1.77367474421176,1.7747001739115
Finland,FIN,10.6448561099446,11.7752324206131,12.1985968972624,13.7559575102758,12.9452512857603,10.5716706450802,12.7262791493077,12.3092163083168,10.6636072027363,10.1482130407676,11.6587534771719,10.2296244383886,9.12638797795779,9.2278464803108,8.45187190789146,7.81453735635845,8.31619307669468,7.81015415482472,8.08263979060102,7.37285476082008
France,FRA,6.12461463449353,6.13892838326441,6.00198305535196,6.05088862267274,6.02379241763573,6.02420750933948,5.83938617767613,5.66729369701834,5.56060392447916,5.31178089832975,5.34794592819296,5.12875996093606,5.15395169929832,5.12951903165955,4.61605285360078,4.67780722830743,4.70474677978042,4.74954259812627,4.5720300891405,4.45954746474334
French Polynesia,PYF,..,..,..,..,..,..,..,..,..,..,..,..,..,..,..,..,..,..,..,..
Gabon,GAB,4.77636328642075,4.76813690599193,4.44213893322106,4.67209039567705,4.29747877905589,4.15537249402548,3.62055038835757,3.18756157815298,3.29379527776414,3.14476427527401,3.36624592230275,3.26093100694406,3.04893812813303,3.04380234622649,3.03021831204993,3.01698230064578,3.07735673097189,2.49040396581935,2.33575358417704,2.34083962573318
"Gambia, The",GMB,0.166951992258993,0.209537469693109,0.197080199104158,0.191539454841018,0.198483457859445,0.198751128131247,0.210367134054765,0.232310015124924,0.236193401279705,0.260899341062384,0.227123148554446,0.225201324023212,0.223191112891349,0.207071587761793,0.237549322745264,0.235228000916844,0.228723717869611,0.226778138528543,0.224956608701865,0.231178569630668
Georgia,GEO,1.16994033304301,0.876849261391505,0.743996199121273,0.799648581238901,0.858087123997179,1.08649159573546,1.21123183294307,1.45848955261441,1.25764954988046,1.47335672498461,1.40491911063906,1.73568544825448,1.92819603376796,2.10884892157877,2.2772405188099,2.46961562291362,2.58886295753601,2.60997561757882,2.56805953573245,2.71762422558518
Germany,DEU,10.0993160227641,10.2936341472078,10.1029847239038,10.1387088183608,9.95040259124952,9.7294243784419,9.88644161356904,9.52758665221032,9.61745304528633,8.97178632048294,9.4533997219536,9.29903629464176,9.45131770529489,9.62420735034554,9.08850689674467,9.08729090938286,9.07300668592546,8.85829384674551,8.53619609072659,7.91162101567715
Ghana,GHA,0.291881692112411,0.307493071378946,0.357928660930492,0.334747423991264,0.304933097692105,0.312931292860665,0.368420830127084,0.384675079700252,0.355996418470924,0.401190161201562,0.437541447879967,0.448371611612802,0.543956555282675,0.567835099614402,0.535175505736872,0.546570367280787,0.54374483792848,0.562830149142437,0.605105682942437,0.635740643066456
Gibraltar,GIB,..,..,..,..,..,..,..,..,..,..,..,..,..,..,..,..,..,..,..,..
Greece,GRC,8.74159526062281,8.89420235364475,8.8607414729232,9.17087840951815,9.11352910363185,9.27888262301796,9.13763059219307,9.44112345286032,9.06404087783071,8.52974276205479,7.87494977728448,7.61375705008733,7.25123735394112,6.60999622870309,6.38517866075752,6.28506953972522,6.20361714727342,6.21125028945613,6.05801840018985,5.59618906985928
Greenland,GRL,..,..,..,..,..,..,..,..,..,..,..,..,..,..,..,..,..,..,..,..
Grenada,GRD,1.95472484920694,2.13089238067003,2.21747923086345,2.29906198271105,2.1001497879061,2.2674914288824,2.34259550999439,2.50615351257188,2.57828190095263,7.15238105752974,2.54298960579582,2.69757568339325,3.53716609517324,2.73632898240577,2.11914691621741,2.26928904630052,2.33399464174927,2.39825995199634,2.62643832669153,2.68896070135444
Guam,GUM,..,..,..,..,..,..,..,..,..,..,..,..,..,..,..,..,..,..,..,..
Guatemala,GTM,0.812786389641685,0.82634429411792,0.861904486746083,0.848950174184037,0.847650879491012,0.890464914829786,0.871846874161449,0.920826904604491,0.818091212012942,0.846417111587036,0.802261619093273,0.808455575820994,0.821948808791856,0.864132971186284,0.911388462727746,1.04962808238077,1.10502541881463,1.02999746104839,1.12069833790549,1.16297092439764
Guinea,GIN,0.178722070028585,0.185893039039788,0.190025635417937,0.193792843627615,0.197521736143154,0.20021632584838,0.203630515228952,0.207393213871368,0.205525989626895,0.211548902830403,0.243410204223109,0.248866979411963,0.229870314128301,0.197188175110077,0.197646507417412,0.218475864338961,0.236359356184154,0.2728582213262,0.298689018057065,0.306735630750854
Guinea-Bissau,GNB,0.121867101488485,0.119295678315227,0.116669963988233,0.144414976909424,0.148477109640865,0.152205562637657,0.155576974047573,0.15855814407856,0.147806649289021,0.15060280682527,0.153137399111536,0.149159390258513,0.151266066725277,0.147253457952953,0.154877884946866,0.156519105220579,0.168978585716941,0.164908881132714,0.166237648593054,0.167473846479787
Guyana,GUY,2.18694132541819,2.15843718618758,2.13067341744018,2.13000387183211,2.19614314788152,1.94811436888794,1.75376835083191,2.12816301768901,2.12159387899206,2.16969402686112,2.35315508691065,2.45891732786281,2.68829489519682,2.64911297406209,2.74258927431823,2.75485367316845,3.26708271788806,3.23615271052055,3.29720401440243,3.56806159680473
Haiti,HTI,0.175832588237757,0.187975931561723,0.211278684303627,0.205396007802727,0.18635295508198,0.186569216923333,0.185619098889461,0.217602994930198,0.212004971922893,0.20450868787193,0.249926854553441,0.271239242620054,0.239401566961749,0.258254253483209,0.290029327624286,0.310495590857473,0.313612773065574,0.30652982399076,0.298753558536586,0.297479358179563
Honduras,HND,0.749617867645126,0.848218470659173,0.867532758632719,0.93447809246966,1.02391754142492,0.921395422368818,1.02902440094402,1.07767567840606,1.06026124300729,0.974955329021971,0.967940499016591,1.02174500813415,1.05091152031281,1.0456822402151,1.03638909312744,1.06837322753345,1.00097267344983,0.961893861858524,1.02625897371398,1.02622509805408
"Hong Kong SAR, China",HKG,..,..,..,..,..,..,..,..,..,..,..,..,..,..,..,..,..,..,..,..
Hungary,HUN,5.35012781840238,5.52437596539157,5.47319066491404,5.74457770952842,5.57526313304677,5.54373330289289,5.50669860053525,5.35512893819486,5.28083338562031,4.77318874275645,4.7879890944366,4.70430045341315,4.37786446756437,4.12005058904123,4.11798842991385,4.40718050056499,4.50885431998682,4.744601547115,4.74652935890747,4.74663102989868
Iceland,ISL,7.93015771412315,7.57979843350832,7.79068112650724,7.70237744092308,7.94319225005581,7.71734941682797,7.66997361168881,7.63883130521597,6.86800225181372,6.62482423836756,6.16272756703372,5.92450483582191,5.7995236106247,6.26999904680499,6.26172149180564,6.22704515448072,4.85930376381885,4.86313324718888,4.81967347473986,4.54844225751086
India,IND,0.885079459181967,0.883749500393156,0.897239655011535,0.905455813784659,0.95547292434205,0.98426456510395,1.03653798248985,1.12360191111846,1.18035876466035,1.27887270787419,1.3380314013228,1.39687530935886,1.49820250759146,1.52767490656836,1.64246765444748,1.63132108294725,1.63991513931259,1.71349676149416,1.7910328783681,1.77592267295201
Indonesia,IDN,1.31100493323238,1.39126069502872,1.3885463821283,1.49672688517341,1.51032182099909,1.49537719264076,1.57236430937908,1.61782661822542,1.58084172320028,1.62286446373694,1.70283790580419,1.92355556615107,1.92432588804794,1.76858505134865,1.88857844527322,1.88562381069922,1.84269495663602,1.95584972642611,2.16047032927399,2.2992559151159
"Iran, Islamic Rep.",IRN,5.19419032444016,5.31039806898106,5.4936259206998,5.73573269765601,6.04763799473075,6.42310269331057,6.79305268264808,7.10929414073047,7.13395314950528,7.29642609154048,7.17981033224526,7.23118291784805,7.23083045383908,7.43956139965398,7.57050172219933,7.32575903793166,7.28889081505387,7.41280894073341,7.44508460397157,7.27795087587852
Iraq,IRQ,3.55802124483401,3.83667478012274,3.47205533220836,3.00271640105286,3.16271815469671,2.96633801234294,2.87003137780406,2.67437646036143,3.01659422504102,3.11003574059271,3.47194745066974,3.49125294796149,3.80930478504492,3.9203198852233,3.64769534672628,3.52695210840058,3.67538904400006,3.91407000711022,4.01939345457171,4.19983672120634
Ireland,IRL,11.1768870490548,11.5926495049587,11.1725820071267,11.0320952029497,10.9796368456647,11.2141745059823,11.0586151837022,10.5388979009843,10.197026419453,8.94303147441854,8.81329661529246,8.00858680870827,8.07255890285279,7.72305798597364,7.62816275260038,7.88182481747302,8.16346265716804,7.85873717272184,7.73732378325387,7.24514322077522
Isle of Man,IMN,..,..,..,..,..,..,..,..,..,..,..,..,..,..,..,..,..,..,..,..
Israel,ISR,9.06344410876133,8.99984469638143,9.29680393166738,9.40699886469884,9.27595826808813,8.80362452511987,9.12003655259718,9.27563661705562,9.12735320223192,8.78085969821171,9.25022255142799,8.99070278591056,9.61506827110724,8.31317079223277,7.87760035306828,7.89250717648338,7.60355761255951,7.52986820267311,6.87621041012459,6.91959371834315
Italy,ITA,7.66216803916005,7.66260458699655,7.77212966956651,8.06445963606381,8.18925745010484,8.17378306441827,8.02576641506568,7.86076796398096,7.56424848741515,6.71897021972187,6.83683617681371,6.6805941975212,6.32770894762567,5.75190574350328,5.38747546025491,5.56325946870661,5.49816514509457,5.43785758887894,5.37687092998968,5.31131544170879
Jamaica,JAM,3.85115257033809,3.83940763425072,3.88515997762148,3.99467834638723,3.96768185828063,3.94491627685716,4.48383826194266,4.44983970499404,3.54801788081503,2.89450382748204,2.7360221526618,2.74200175218945,2.52190635761247,2.66846587207715,2.58211134007285,2.53717648856495,2.70097180451722,2.57088074751801,3.06205721768071,2.98176162161011
Japan,JPN,9.32341556096907,9.2047912291878,9.46761328875939,9.51275428030411,9.46963451746574,9.49198928012225,9.30373722786342,9.57078418363185,9.0441421074247,8.5982489278839,9.03006153251152,9.49301056480916,9.82229732546333,9.90843131779889,9.56283977432658,9.2766294225014,9.18969781125075,9.09830498431741,8.80168143468674,8.54098020491546
Jordan,JOR,3.21784811994207,3.14720595896818,3.19778191834177,3.20786214715923,3.35838382634627,3.49914270817669,3.31986515064878,3.25791924663868,3.01679230536779,3.04697606020862,2.91433398712607,2.91983946915206,3.34448960542282,3.09299214211812,2.95101900098943,2.66582511828137,2.49080346525,2.55986532646509,2.36905549800552,2.30215243883444
Kazakhstan,KAZ,8.07262961324075,7.90398116612662,8.82027432619012,9.80212040709372,10.5262217544025,11.1711680695843,12.1047147995166,12.8124218163691,15.3407460167047,13.2736197921255,14.0731404429738,14.8243644637688,14.5663825112607,15.2627883750649,12.1024147697437,10.8722627228243,11.3605355213572,11.8961451695073,11.8513158956408,11.4569378323984
Kenya,KEN,0.269678019354973,0.23930559491135,0.226358759664259,0.193383380727808,0.213843272232614,0.232123353893108,0.251860161682165,0.246340428478265,0.252890662743555,0.290106808807945,0.304447042493913,0.305616411966879,0.277867939553368,0.314785777377738,0.330556050460578,0.367330896394853,0.399000569590554,0.387757342883883,0.350126986017145,0.43727903105104
Kiribati,KIR,0.337738950307342,0.331378201941876,0.432900423224354,0.424169149179554,0.519620892345549,0.713092379059769,0.699419484807841,0.588246815220843,0.577111735172032,0.566059083917275,0.462984404324812,0.455079145043352,0.537547695343901,0.529516098692055,0.521807180579167,0.514107968321485,0.590652504771824,0.747744334393569,0.736130111615959,0.724398576768367
"Korea, Dem. People's Rep.",PRK,3.07355752386297,3.1638460561568,3.01204666202996,3.05865335334295,3.10327015423337,3.21937074339504,3.25717036248238,2.69455714433827,2.97641350033186,2.25209935689268,2.09102687090642,1.49694618825722,1.54614091749628,1.10511955793163,1.24292910604646,0.993743981127167,1.18158564934295,2.12765785927867,1.97089106469024,2.17585095574668
"Korea, Rep.",KOR,9.7144937391762,9.95415595352383,9.71775769730364,9.72389550074158,10.1057518151682,9.98245060279786,10.0715773814551,10.3461865861669,10.4968514522634,10.6806558156211,11.6079160232581,11.9847872111204,11.9586009011664,11.8900086818471,11.5887437408533,11.9147436748262,12.0247251699338,12.2002860229015,12.2252458192145,11.7993253802233
Kosovo,XKX,..,..,..,..,..,..,..,..,..,..,..,..,..,..,..,..,..,..,..,..
Kuwait,KWT,25.7584238159989,26.7061778182574,27.1519867266338,27.6563564091108,28.7488024493423,31.2740045808784,30.6464096164379,28.163743238456,28.6088264638789,27.7762878595907,27.4244777800249,26.4932052246952,25.1306234399685,23.9571011607105,22.7483952757201,22.7745842187799,22.6156325896709,21.9956642280484,21.1688865289878,20.8619489599151
Kyrgyz Republic,KGZ,0.953372529805651,0.802814907686397,0.995852243210702,1.10840127547199,1.08919230175711,1.026614533517,1.01946960211202,1.22807679564795,1.4119992157636,1.25573537214754,1.16558672233935,1.38178650954903,1.79412191817961,1.63997484342278,1.66395339527838,1.72405117725053,1.59552591648411,1.52140949068694,1.77927500474473,1.55664325620875
Lao PDR,LAO,0.16571982338686,0.18116903668981,0.197998575891713,0.202142175587401,0.209772019108838,0.215275320130337,0.275788167391797,0.286359934748584,0.334101432922988,0.407709229775139,0.455449902954529,0.473791307994906,0.502396520670008,0.630232153811209,0.648588505964158,1.30830292257498,2.27821402083523,2.72223852284337,2.72483944564601,2.59426810708029
Latvia,LVA,2.92707651369559,3.14910768151226,3.18157986637043,3.31737300453369,3.36703009628252,3.44381073876975,3.69642929846961,3.87669991159087,3.72475897303075,3.43657219370239,4.06187225496527,3.8354933125832,3.72114706280646,3.70159288204297,3.65135215876578,3.70159303597947,3.64882117325033,3.66585517686674,4.04218817909178,3.95543586167438
Lebanon,LBN,3.62677583562813,3.84808165497129,3.7871070488739,3.86476043200344,3.90836995844113,3.72169651776841,3.43865830503512,3.12707396566477,3.81576847809561,4.42322813224247,4.17550754841099,4.19816951589354,4.53234297291862,4.09237709725404,4.00838838854023,4.22101164081579,4.44347218866373,4.79927815955606,4.66992988980668,4.83404536996868
Lesotho,LSO,0.195133666561595,0.20005271389011,0.205253075253648,0.205716921683929,0.216582790610057,0.217454631456156,0.217525474333288,0.221834011497966,0.230574827216576,0.263790637517188,0.271907466391461,0.279730297219551,0.301744572621826,0.294126304729847,0.291135827892489,0.306817811179659,0.321847571877339,0.322488945806225,0.332117549169768,0.345958255384824
Liberia,LBR,0.148520459902239,0.150923247814631,0.147030038263448,0.155582843902486,0.17934651969567,0.205123939766214,0.199687618417164,0.176175555006658,0.142710398449444,0.13828191929603,0.181594032142015,0.203293358009605,0.219311405596613,0.207800988249374,0.269947463934407,0.273180857320295,0.2996113268854,0.266853958828555,0.231112626343778,0.23669639765075
Libya,LBY,8.67542615703065,8.42507727568066,8.43427392771276,8.82611703860042,8.52034502026135,9.07676066343201,8.85932179460959,8.10047000269935,8.55279960210516,8.86765845960898,9.17284493394943,6.77910567566101,9.81793482106336,9.79245388104326,9.51168329899288,8.2894143764012,8.11022145169293,8.64812522526314,8.74063109640657,8.64655782310429
Liechtenstein,LIE,6.66141827650942,6.29194630872483,6.52954616115831,6.76470600506838,6.70553948024271,6.64682265041543,6.59233581278698,5.68990051152865,6.21451368062786,5.88647493885043,5.28864882301993,4.9738872904075,5.20476640503531,5.16220175014438,4.31313339507551,4.28322838773179,3.98840718871717,4.22286142214682,3.66674525539001,3.89792645809636
Lithuania,LTU,3.00325528870113,3.21249918607083,3.25872260604537,3.28822815509203,3.52672056362743,3.86151747214955,3.98176232358873,4.08814550398292,4.08350754514502,3.695956383408,4.06808304231571,3.91332574273754,3.99294066355637,3.83069346496745,3.70349265855099,3.81078921371891,3.90484581237184,3.9669029721114,4.15842256161348,4.19807602212644
Luxembourg,LUX,19.6195278478111,20.6556820112111,22.0093005991466,22.6734268563165,25.4532353494627,25.6042029749292,24.7970435387598,23.1461701663924,22.5519297201754,20.9729934135623,21.757440498372,21.0283837246676,20.1338734643133,18.6800640800396,17.3461622172356,16.0286797747925,15.205820446707,15.0921628075447,15.3302075743469,15.3064265559542
"Macao SAR, China",MAC,..,..,..,..,..,..,..,..,..,..,..,..,..,..,..,..,..,..,..,..
Madagascar,MDG,0.1017486523391,0.0999421592234195,0.0650711305753537,0.0874505101928526,0.0904071233449135,0.09099534258958,0.0847532116012724,0.0863238973256671,0.0867717055105625,0.0800299613801209,0.0860519738628575,0.097994656079506,0.119305555003202,0.124215321309087,0.124298107599019,0.131987106605575,0.12469639337481,0.132596895605213,0.12478329720885,0.149637883052437
Malawi,MWI,0.0632269597619175,0.0591365129876827,0.0577029252457387,0.0620451829567673,0.062040026044445,0.0595814489756425,0.0594588898849349,0.0615021495231915,0.0691173404786022,0.0685365885419615,0.0604684378321864,0.0614019698512737,0.0609707133322652,0.061155306022923,0.0515840379717896,0.0549030752423945,0.0643470182263141,0.0665504693972412,0.075131140329652,0.0768523956339848
Malaysia,MYS,5.41988176150515,5.4989872153432,5.64897237553251,5.84047880093685,6.24752145954528,6.45822383832765,6.56747873306421,7.01076952371968,7.33472500663342,6.44748475702203,6.97199932754795,6.9469257659004,6.93892537108615,7.42198228321519,7.73202786694416,7.61341738475124,7.48451684913481,7.11850688352275,7.54368836453478,7.72070021517061
Maldives,MDV,1.62827823735341,1.67058790772786,2.12122457872607,1.78315480943717,2.48233405596836,2.34513946612325,2.76716678626459,2.67588567130396,2.58249898263899,2.60717352666349,2.65505075998708,2.69736136754423,2.94163938518418,2.81986782863097,3.28743720219507,3.14521721459649,3.87450135709531,3.93699123766539,4.28783175493319,4.18229224332584
Mali,MLI,0.125454874015279,0.138986918309532,0.117128737549478,0.113432284867213,0.116060272849346,0.125184446094715,0.138730450893412,0.147007518635355,0.142944347413745,0.166970061500413,0.179017809850357,0.194516934355587,0.188317216977581,0.189366841890405,0.192572694448615,0.201513765590881,0.249731208812076,0.268235959016787,0.274401425632929,0.283457953884067
Malta,MLT,5.46032039006683,6.33542648360931,5.85904435257003,6.54821315336827,6.47945987378154,6.51257723332092,6.53823782251382,6.68758182111267,6.6442099585231,6.08518775704648,6.24837135632921,6.17390703403288,6.47575882705493,5.56381101249411,5.43080531274497,3.72989276922389,2.96471337556079,3.2478701470014,3.19831614286421,3.29324560594014
Marshall Islands,MHL,1.84420182944821,2.02157572638891,2.20199642758718,2.01860788365394,2.38816928872284,2.57651325240713,2.58264463909471,2.59076946955931,2.41563838322484,2.6122814657893,2.62093755796102,2.64295559072032,2.68183821994993,2.72628136384262,2.97506904064864,3.0358228285866,3.72447199719748,3.81461010771096,3.91397958539122,4.024324967639
Mauritania,MRT,0.471242518097382,0.506911558054227,0.549313642263654,0.51329610979594,0.556578395491338,0.501268105559515,0.561464279050174,0.63104327293184,0.587628373963652,0.707273998750554,0.701865029420552,0.69802106438761,0.750801754256122,0.691965878912729,0.754584646796484,0.902129111600352,0.804562806607104,0.838939284963333,0.864024560124977,0.901034695237842
Mauritius,MUS,2.047396814992,2.14831390795018,2.16665647958638,2.26641502591955,2.26862667898974,2.40992501400115,2.67423877574666,2.74275396317242,2.7891178017333,2.74163906426254,2.92706340837387,2.90641047529724,2.97002426905831,3.03499052816209,3.13259857191869,3.13637284673114,3.19753565121932,3.29745153362645,3.26404040331914,3.29459100560393
Mexico,MEX,3.87418682996762,3.81138602250463,3.82492236373741,3.95091873569123,3.98380650602556,4.09882546531334,4.19415708707286,4.2207520482119,4.18974452981195,4.03757140574545,4.11321531402487,4.190959071793,4.20237736811372,4.05607645806057,3.89235432374291,3.92534672653788,3.89493936567116,3.83900061145164,3.6493501909776,3.59170861408077
"Micronesia, Fed. Sts.",FSM,1.16373792621902,1.33990781434237,1.25008929741451,1.43106297950647,1.43577591507135,1.44222098813522,1.26925413727932,1.27816529047261,1.10391519463673,1.2051766532394,1.02241885158153,1.11227485533745,1.20112346839778,1.28902761830093,1.28412093296931,1.37033861943381,1.54650899966467,1.6299919148108,1.53251180293827,1.61610363850059
Moldova,MDA,2.29427750431844,2.40564607189181,2.46618012675707,2.67635896033495,2.68644282514619,2.83144436720017,2.76990330645005,2.83199498149731,2.84087627914566,2.66646838000721,2.8997112833475,2.91537143634751,2.84583157129149,2.51087749517185,2.69786534053008,2.82794875621873,2.90383882600825,2.92538929983268,3.15454731760161,3.32554607145542
Monaco,MCO,..,..,..,..,..,..,..,..,..,..,..,..,..,..,..,..,..,..,..,..
Mongolia,MNG,3.67200208569718,3.62775878518208,3.84828628261161,3.69965054780127,3.76682132683387,4.32157030839705,4.81163721816626,4.99684740302632,4.92428121139168,5.11491125716296,5.29505810118582,5.7326366493107,6.1382009876446,6.46010923165348,6.24219969293112,5.83523233739534,5.99758052793031,6.32422809976198,6.81101786859081,7.13704541005504
Montenegro,MNE,2.51260434746673,2.74947356636357,2.90245771090621,3.08688853995869,3.32598024604596,3.25594494848281,3.54457146743173,3.40978267445922,4.36002466448146,2.83036872426386,4.16513287049673,4.09625219020968,3.75442502301165,3.65417643543378,3.57022246121843,3.79324239478305,3.45490877493348,3.6473304287405,4.01782629169097,4.17987599373753
Morocco,MAR,1.15148568093586,1.2537116622872,1.27876033150788,1.25584642869304,1.36482639347277,1.43204988735356,1.45947419620432,1.48402468898863,1.53722185446152,1.52139896801401,1.59433893600153,1.70011276320966,1.74141603297389,1.70366838207705,1.71364649900345,1.74190317346478,1.71816293331272,1.78787983707449,1.80808514913468,1.96890700867326
Mozambique,MOZ,0.0804794775925155,0.0773844452654879,0.0839799190889393,0.0990266501649075,0.0969818273123984,0.0846069166769813,0.0896991526277902,0.104790707774455,0.102537947373257,0.110979085547347,0.11614944266936,0.140990763784555,0.150280077005356,0.166325223774368,0.186645239083881,0.205638318887608,0.262849170463869,0.252367557284266,0.236202712955279,0.247642484818277
Myanmar,MMR,0.207297886975746,0.181463252735108,0.178570549042784,0.223551578520708,0.214413451986369,0.224622715399586,0.207327055802186,0.214467160348231,0.162119503894776,0.152807753215066,0.164604929839446,0.174517180431681,0.238160738747269,0.268518217824691,0.33364378616143,0.369824018657296,0.421256717639658,0.621553474033533,0.625450762738737,0.692304948191065
Namibia,NAM,1.06643740094913,1.32514401514327,1.12786439916915,1.18511556491458,1.22717992748343,1.28893223496765,1.27355957962958,1.30251568763837,1.44710561598807,1.46040535481637,1.49099383283098,1.56166461432326,1.62862691127894,1.71920288946434,1.76103356515834,1.83992309526997,1.77760413163435,1.80585264619858,1.75833860657839,1.72481153375467
Nauru,NRU,8.67302688638335,7.71977226671813,7.72872168987158,6.76720807212135,6.77310114156006,6.78426054448761,4.85719844035925,3.89597731624918,3.90510583871232,3.90892202735564,3.90586848021973,3.88991530739379,3.8299501250412,4.67551905227774,4.57038398035266,5.3643271040586,5.24613086114326,5.99212466170375,5.03186838803216,4.94559830686577
Nepal,NPL,0.13111016103748,0.1386436190216,0.110136600250205,0.117587929720673,0.108060441658783,0.121361487824113,0.0987971926044597,0.100697566739574,0.11122873037117,0.143560461187262,0.170829608854511,0.190710911597279,0.219533393480605,0.22241250186806,0.259630492812202,0.260409830641996,0.373638072959712,0.442813430213782,0.532856948931301,0.466487528837777
Netherlands,NLD,10.1786360037507,10.414939879772,10.3678697624951,10.4996505217809,10.5713260889481,10.2899112098076,10.0146204252771,10.0447476898459,10.0464605454302,9.70878635717226,10.2982812571494,9.51113044083199,9.39840992899316,9.34812889468034,8.88170306744788,9.29225024589008,9.30928186562696,9.09213141299035,8.78385000800575,8.43707462722941
New Caledonia,NCL,..,..,..,..,..,..,..,..,..,..,..,..,..,..,..,..,..,..,..,..
New Zealand,NZL,7.63408248438189,8.14843448009277,7.98784371673479,8.29360387511892,8.03425080185637,8.28031629750025,8.18955227686367,7.87679351715605,8.02150292711989,7.24445685778225,7.13678241135001,6.90921553730093,7.28431764487003,7.17903680458531,7.07848982914967,7.00308039642836,6.61632136230831,6.84103380114172,6.60327319315015,6.83041418732592
Nicaragua,NIC,0.735865047425234,0.756822378217073,0.772008996144811,0.856649789684873,0.84103465634608,0.795647360410255,0.822812966073318,0.838170165539531,0.791174848938349,0.760747616769235,0.770185296818783,0.802685307295789,0.777699501430032,0.730466243419741,0.766669130243201,0.836694131126722,0.842041357758937,0.845609591785596,0.77751353817103,0.786323459138814
Niger,NER,0.0576459873875742,0.0556874785457755,0.0561954829009643,0.0589111202076196,0.0591012806242944,0.0548529677342034,0.0522096226093562,0.0550414138211168,0.0556447930421438,0.0673404269143053,0.0822944265570223,0.0815825278816338,0.10526663374039,0.105611912927655,0.110984851413355,0.104828442784625,0.100852012908094,0.0878648826976838,0.0863708658445985,0.0917102782590997
Nigeria,NGA,0.791358811103938,0.808147727153283,0.71182160743622,0.758715076504659,0.72193827805196,0.702679862522901,0.61504982882856,0.547021372611054,0.570472310680963,0.491392601760274,0.559542722480314,0.574143900828547,0.560573122938351,0.618854212506152,0.640152925306798,0.58566560172142,0.587437349214394,0.560735375141553,0.553915600821771,0.567031242867457
North Macedonia,MKD,4.32304389666148,4.38354656437081,4.14324227550585,4.50963198311935,4.34922941524901,4.5314956352987,4.5191028978275,4.74662087527942,4.63139811668013,4.32541343080342,4.20437154541925,4.62463934750018,4.39097864515986,3.94373747273431,3.72435686365862,3.57931928562974,3.52233313103313,3.75511807742438,3.51601021990228,3.99673721344351
Northern Mariana Islands,MNP,..,..,..,..,..,..,..,..,..,..,..,..,..,..,..,..,..,..,..,..
Norway,NOR,7.63532664568678,7.69205035900297,7.57355547301996,8.14264596990382,8.13169250978087,7.86236437942606,7.98167321248383,8.01630356881588,7.73245798045154,7.75152707053078,8.46959818136028,7.9950120963167,7.66951116950312,7.77616764078752,7.61304932507459,7.61090629497798,7.40469149534718,7.14804433544094,7.07654265477615,6.7222699848575
Oman,OMN,10.7113012119426,11.8038298648266,12.4684904611488,13.0366839788368,12.6617400490842,12.3290787458301,15.3047132296184,16.2182900263013,15.5826348772216,16.1591852688537,16.3363659814466,16.7203531580279,17.1259075916732,16.5091121921495,16.5591364679999,16.7303780672961,16.4003749948086,15.8371449864253,16.4306496114175,16.5183208841499
Pakistan,PAK,0.637235527822116,0.627065854293976,0.626780855428113,0.633162186964104,0.695288374004308,0.697760705780721,0.743977130517061,0.803959761459732,0.764580804101742,0.763399640837393,0.723151156509571,0.713484609402726,0.711205881211297,0.711316507978185,0.740642495688744,0.777980523416317,0.848191716759287,0.918894162351146,0.852449537094291,0.853451601070211
Palau,PLW,10.6458481192335,11.0954206173089,11.082565050018,11.0663983303776,11.5537250300058,13.1107856620068,12.7427493756053,12.392853177506,10.9936128909794,10.6236058100623,11.3268604877826,11.513157535279,12.2589991534552,12.3560796859257,12.3623285461849,11.8017305520675,14.0323304894477,14.5764416921712,13.9946260635916,13.9540075909801
Panama,PAN,1.75898506561714,2.03199974910357,1.73342428120952,1.73811488084275,1.72971390456062,2.15374597097013,2.22349338165394,2.17973234142112,2.08853326339175,2.44427126277662,2.53613987912721,2.70829023413784,2.78572156264252,2.68215355211333,2.76692542618797,2.70400103946479,2.67488864758522,2.47310652068606,2.41521837669403,3.15177774263441
Papua New Guinea,PNG,0.513770408530985,0.594894541342451,0.612633191736856,0.669842935571296,0.786567493891809,0.758599460446287,0.712558972050002,0.729656412861091,0.666854613496386,0.683527027827342,0.661983635411919,0.660976019176005,0.60922848703715,0.635488334740119,0.695875873993015,0.749812227776343,0.860754509484213,0.834906248424474,0.810356521797523,0.794342262981161
Paraguay,PRY,0.686987577039704,0.692693389536799,0.715027218587562,0.73600095516119,0.73296945098008,0.675567366606253,0.713682383822667,0.6654568045391,0.765258974904003,0.801392524088487,0.873693548493031,0.893233107017655,0.874509241324146,0.882502048193079,0.92435692169136,1.03108634507548,1.14575409983518,1.2682121261869,1.31453811865992,1.25726911931851
Peru,PER,1.07411752316378,0.982420484925565,1.01446876653423,0.983226462266534,1.11995767718332,1.11165325271286,1.08663949102243,1.18215188393398,1.32922845963557,1.41919871454253,1.53953674039428,1.64293570405853,1.61750130167798,1.65619082966971,1.75166646901899,1.77618659073403,1.82637086815641,1.71710697496516,1.69513399205352,1.72887251525604
Philippines,PHL,0.924854328708852,0.885137064253039,0.880476054161546,0.88771978288394,0.888100918967556,0.888811583056648,0.790313435671771,0.817539922601939,0.823540668167504,0.820898396675301,0.865731796493071,0.857710061182434,0.879097862240426,0.95787259285489,1.0048832737556,1.07743891519083,1.16290526580856,1.25072020638551,1.27633317653161,1.31743920046954
Poland,POL,7.73080499042451,7.67698746467665,7.51549232762259,7.79304703563809,7.90551178775075,7.8958860850048,8.23491249878749,8.22076078847774,8.08718290886395,7.79154704890447,8.24702807670685,8.1598380469009,7.96964766522079,7.84170480596286,7.51688948127014,7.61008927540369,7.895688724468,8.23861537513202,8.21361572260802,7.77364183861292
Portugal,PRT,5.99228486035527,5.92315416740891,6.29580821759629,5.78650313049279,5.92625189022586,6.23326137717306,5.74494831950423,5.57717917248513,5.38350514038436,5.3272788984834,4.81788677178018,4.72362922227151,4.58589791923714,4.45239436903052,4.41589525234787,4.81266969600543,4.72231126749059,5.17751927915252,4.81338552923222,4.33976842606964
Puerto Rico,PRI,..,..,..,..,..,..,..,..,..,..,..,..,..,..,..,..,..,..,..,..
Qatar,QAT,44.369652148739,42.2049081435586,45.5701598180559,46.4112777508658,47.6513056802673,45.410094043345,43.1206041591272,40.449943161504,36.7242578227911,33.5781362021769,35.3544560333998,37.7957535296855,39.3984246041029,37.4207618512323,36.8757255870422,35.1117977295766,33.4930398166997,32.2816777015355,31.2354063093011,32.7617749211246
Romania,ROU,3.96649801846645,4.30282527944869,4.31375325550643,4.54892539352786,4.44485915432724,4.4423732848057,4.68345409857574,4.63200147167361,4.64605019598889,3.96268813548145,3.83367892977547,4.17222388565951,4.08065887182474,3.60744114403132,3.59335357757559,3.70011205782471,3.63359182666089,3.78840567563889,3.86105156993701,3.81743447683141
Russia,RUS,10.6676903174515,10.7357704373229,10.7726770525637,11.1304208934786,11.1127216423519,11.231837384531,11.5683619356961,11.6112790219408,11.5956459724526,10.8321340724202,11.3254181391469,11.8849970218454,11.7020940674702,11.3770067703734,11.2082025675772,11.0520100720699,10.8874457691821,11.0351974713293,11.4965712497165,11.7972029330523
Rwanda,RWA,0.0665845539371262,0.0680938737279365,0.0668871876379322,0.0641924049323259,0.0636953327568359,0.0609330592661432,0.059330754702386,0.0609041007478498,0.0572480301959013,0.0587430727998907,0.0582013987388202,0.0642908555290473,0.0691860601343095,0.0729640991757026,0.0756479501301554,0.0841710444117759,0.097226534783456,0.0972990247629653,0.102938056651764,0.10362268340321
Samoa,WSM,0.81518194861093,0.862394221958713,0.910893220747677,0.90695690241218,1.01024600881474,1.11331414250151,1.05608331958787,1.04999004074083,0.886400026008744,0.931792806314226,0.976000645269037,1.01858408146754,1.00946883255048,1.00030510795909,1.0408560468459,1.17894982406916,1.4595415673575,1.49304051622687,1.38292135781589,1.4157288026282
San Marino,SMR,..,..,..,..,..,..,..,..,..,..,..,..,..,..,..,..,..,..,..,..
Sao Tome and Principe,STP,0.347913216527269,0.341861641756348,0.400424440966728,0.455249023152815,0.443889232502985,0.494804541142137,0.482727399075943,0.471017682074013,0.517229509530118,0.505254668419781,0.549034256937685,0.537507264357442,0.631831665917899,0.61933244898399,0.607604152558221,0.596646831396507,0.635286735367039,0.672960452018141,0.662427135835633,0.698978121801425
Saudi Arabia,SAU,11.5865541023762,11.504610016631,12.0339922155873,12.3032209824663,12.6740109905565,12.9229694697128,13.2152117724042,13.4325409736516,14.2039941396935,14.2723246756497,15.1683354356939,15.3816070777772,15.9781098960783,15.9838012680912,16.8252305089881,17.2577900954351,16.7951114971465,15.9409254096253,14.8854312069014,14.6195533262224
Senegal,SEN,0.41837179794868,0.448781231928631,0.449859779657699,0.43030313382583,0.503799938374293,0.516673102417269,0.494522666375698,0.536152719238271,0.542410390664381,0.546944175064606,0.561048070470217,0.587920994266907,0.563036112174718,0.58916268942991,0.613443862141352,0.647108026978277,0.686716537411266,0.646532129758921,0.653615395452763,0.663717595132331
Serbia,SRB,5.85257783502782,5.99725485654366,6.48033872655275,6.97137452453675,7.55042383191471,6.81246772030001,7.15233148629301,6.97140802590783,6.77938732068973,6.40229949128352,6.45963270803187,7.08173879597671,6.3605377349801,6.48648031899791,5.46379410085142,6.39711758895163,6.60496913174049,6.7427656495243,6.60641804520422,6.61604693907974
Seychelles,SYC,3.57446598710727,3.94078963572326,4.18045213429447,4.10722271507084,4.60745674727648,4.58615939597417,4.60992890892299,4.70405614244427,4.83002882937322,5.15475713165331,4.90141469996451,4.6888758868691,4.8695968104431,4.66931246469642,5.1445396601091,5.45927477775674,6.12609169397741,6.05156332033324,5.99408841601764,6.24839963436737
Sierra Leone,SLE,0.0719884766082171,0.090589109212583,0.0972741260746602,0.102786314903423,0.0957832023705388,0.0791788742451299,0.101552999096687,0.0841869468812356,0.0853738192843891,0.0830691862392875,0.0870011304529412,0.111911210484075,0.12668321320845,0.149321036054431,0.161048903993304,0.12440577803659,0.124100721098918,0.122434651822005,0.109396930895247,0.111845310494787
Singapore,SGP,10.4570957427554,10.1570512603637,9.88757071217982,9.2737821349948,9.50880582928808,8.65027198560982,8.44510695408022,8.34459514015657,7.93900688617863,7.78535007528806,8.35379922505504,8.63670816178823,8.22409726961637,8.13274353453593,8.11741168766082,8.20776583372071,8.2214502949327,8.75584179644938,8.40622896684947,8.30707949147546
Sint Maarten (Dutch part),SXM,..,..,..,..,..,..,..,..,..,..,..,..,..,..,..,..,..,..,..,..
Slovak Republic,SVK,7.06475749343072,7.17251421163602,7.08027203994118,7.13332104392039,6.96724673791683,7.16943684330438,7.04813294857725,6.91955613375396,6.89689375309103,6.29547788403104,6.57154288347648,6.32040976186296,5.98234412740361,6.08121342177546,5.61763652417007,5.6694557930868,5.80025255956859,6.17366603061879,6.05863547411852,5.69841625532024
Slovenia,SVN,7.31048179292834,7.7206509844081,7.78128203524825,7.72147368781901,7.86174535218872,7.95811396513721,8.11712624623408,8.06690610708644,8.58846445105644,7.60417510335344,7.70288522992293,7.64793011899356,7.34994226773871,7.06326804093826,6.35796644811162,6.36772616613116,6.73109777841337,6.83317938623293,6.78433887885504,6.51220937780615
Solomon Islands,SLB,0.558168092321003,0.56767220336289,0.576803599394926,0.585409029020754,0.657078971107996,0.704683666627175,0.689054179065478,0.673775667535862,0.620153823049651,0.625197767310915,0.629170574758933,0.632087267847049,0.616454390369813,0.669683077957784,0.569156733335474,0.505990275820497,0.573155338313069,0.543787298432861,0.546075935352371,0.533338885447871
Somalia,SOM,0.0561832215115236,0.0562246968193469,0.0605667574616326,0.0594366962081435,0.0573272402360043,0.0554107006196731,0.053778529006118,0.0557649644173094,0.0541727433136743,0.0520032472450952,0.0523836685706574,0.0515681755622693,0.0506417593262128,0.0505738754924158,0.0488382672751771,0.0472249647852973,0.0461769461483807,0.0444019250134968,0.0428262929436446,0.0431754611712322
South Africa,ZAF,6.08075497231917,6.78682915589961,6.95152082924221,7.34013063386871,7.82579773051191,7.70444664795534,7.67380346223565,7.94182036617889,8.43929867544449,7.89903964930905,8.21300852343859,7.8038532027789,8.03047763239317,8.11009258089774,8.18442659388492,7.6026588484955,7.53496774427131,7.69139645123896,7.57503960573722,7.5686401152277
South Sudan,SSD,0.07523174648864,0.0828846225723602,0.100207896485141,0.107259816311129,0.129832536263468,0.118757812401035,0.124540492286149,0.138990800481866,0.14052762337155,0.139773348499612,0.134851085049918,0.124962776847694,0.132690385206242,0.130559697490825,0.136445306423147,0.175982437900777,0.156333237311004,0.142612849542364,0.14910542536136,0.162715772851441
Spain,ESP,7.23010706208244,7.21632868721128,7.54859375551361,7.55339634772477,7.81792130935957,8.02920201300456,7.69821256052189,7.84225214140785,7.05638771459665,6.20085682722524,5.86664242575026,5.87043562968744,5.75694679369718,5.20827462861938,5.18406700444856,5.51794435986542,5.31429458078119,5.65425445459575,5.49257147137707,5.09135092007508
Sri Lanka,LKA,0.582076330710102,0.573718095655674,0.597508967005272,0.64554601580085,0.663841662855763,0.715272863929939,0.629570171539614,0.684909284173944,0.641013344467084,0.610728505281137,0.645058172937791,0.755938088587212,0.824969418921405,0.703424801663167,0.847049782532953,0.97091085409402,1.03428761520425,1.08934903051444,1.00092295957811,1.09067562659476
St. Kitts and Nevis,KNA,4.17940652427355,4.56660722828687,4.971468186329,4.95358713300004,5.15242581871151,4.70840018850523,4.90677143346685,5.31745187706051,5.30155229451183,14.8035356781938,5.06297058489087,5.88470190185353,7.12385030645712,4.81503975908734,4.81282312189678,5.02197101141624,5.02218118849046,5.02249648708971,5.23439626473483,5.23977196512408
St. Lucia,LCA,2.44514106583072,2.61529073315317,2.6576184472868,2.75994031217423,2.73990944951608,2.66044282838822,2.88340235040046,2.86536365806161,2.90670089180395,8.07364106341268,3.10059362558733,3.42734307574403,4.33215498717682,2.93140506537181,2.91755331950789,2.84700751040581,2.89094335714067,2.99159514904224,2.9794026094496,3.02380417765225
St. Martin (French part),MAF,..,..,..,..,..,..,..,..,..,..,..,..,..,..,..,..,..,..,..,..
St. Vincent and the Grenadines,VCT,1.40581480147259,1.75992819492965,2.02732484946959,2.03345478809921,2.22009093492469,2.23128620261864,2.24362138440414,2.43629548409041,2.2662170492041,8.10269469860602,2.28711530720533,2.48383219164914,3.33077370451519,2.14053051812308,2.52544158493748,2.34781465411994,2.45368657421229,2.17908274045538,2.37459750572278,2.47798397376441
Sudan,SDN,0.216359903939245,0.231934587172949,0.279648571269543,0.281315630160634,0.306261714118944,0.355443294150957,0.425279834750437,0.447562665045449,0.466236938910426,0.469829025092188,0.486663683543589,0.462526844462156,0.449376952819712,0.422886984012005,0.435637491772232,0.490160379238825,0.536605340032611,0.515243060626331,0.496677809146905,0.476960503374967
Suriname,SUR,3.08978325587998,3.11862681936996,2.25958610186773,2.44154198077234,2.72243676835958,3.27379810394882,2.9309052884447,2.67072762483549,2.73439994558726,2.68524991839381,3.18634634034709,3.5316746796748,4.37189028207733,4.06066520764013,4.59905681688921,4.72653030732913,5.07349699405407,4.25489184915898,3.72232474865376,4.41445224207094
Sweden,SWE,6.00533649890911,5.90155531274871,6.05268959896099,6.16193231529798,5.95872746228238,5.56061783265837,5.38516321789139,5.15298702610866,5.0056202349267,4.61148915371059,5.13215551466415,4.71785341605218,4.42676161159845,4.22275005138102,4.0304825162931,3.99931163942689,3.90805871150926,3.8070342652491,3.53899174224082,3.4050379189887
Switzerland,CHE,6.08414239482201,6.24493938605123,5.98098517476491,6.10982341501083,6.1275096881502,6.16502480788869,6.07701772119266,5.76603447086402,5.87891079111922,5.63932737800519,5.7777028569243,5.2057541375837,5.31708634897664,5.38115179883478,4.8591655248048,4.7196487770674,4.73765637657829,4.57888468817908,4.4019909898051,4.35904146198319
Syrian Arab Republic,SYR,2.722647905088,2.6739681400253,2.57923248041725,2.51996501962229,2.56359116706555,3.079066145448,3.09849584180785,3.0720177324075,3.03994688564919,2.78093136748241,2.73485519224223,2.50409866540359,2.08046000238335,1.4281846114619,1.32571208873789,1.31579100478859,1.38892903092555,1.54556306471921,1.41671460460283,1.27921574292573
Tajikistan,TJK,0.350709501262395,0.335475696736212,0.325600716388938,0.32671452686001,0.38228524017697,0.356465340039822,0.381159290604546,0.454900127292256,0.415038194006743,0.3226844892709,0.321447269421446,0.328845146275018,0.379569505451914,0.39328418686452,0.550061074039429,0.574843252022824,0.697968847964956,0.825721723434653,0.950906527773238,1.00888904890509
Tanzania,TZA,0.0855972996982565,0.0883819548445016,0.0982022883345995,0.100712708225889,0.13242657770449,0.143510925084179,0.149154194436092,0.1416705685382,0.141821193230026,0.13490169859303,0.153179319927078,0.176447649743756,0.206545255699557,0.219476159755669,0.210766396959418,0.222485182807618,0.205875529808095,0.210247448696176,0.206574427397636,0.207941598929037
Thailand,THA,2.60819502201506,2.72050736551132,2.86877303112338,2.96293627437172,3.21828586617801,3.3085005273738,3.31546410929229,3.36077967123603,3.38015675459825,3.24801837852353,3.43310862886617,3.39965551861316,3.62479444315845,3.74684176906904,3.67061930244378,3.75563361045689,3.70501322840549,3.65058633396964,3.61391721050187,3.74559494087468
Timor-Leste,TLS,..,..,0.186887327597145,0.183442483539424,0.211418951996516,0.216648279186897,0.201093145318182,0.196201156194004,0.201327605508601,0.21585299864137,0.220489739542431,0.224622992768937,0.263695473861564,0.396020858542772,0.4473215325319,0.431244298184307,0.489971127506699,0.490655438678219,0.483419131751614,0.484209313350878
Togo,TGO,0.253592476889638,0.22932989416231,0.253713981302151,0.337576038616363,0.319843709876194,0.306394166115011,0.267268625805566,0.248034861134376,0.252310903021028,0.440719744314215,0.400191439774755,0.373406794837045,0.323389352771835,0.246262820970166,0.218155389663057,0.244874075572332,0.30020802488911,0.263600403836188,0.287074946419453,0.287513388244642
Tonga,TON,0.974630371431635,0.872008526305591,0.963354027687912,1.14931517400432,1.23767084839129,1.23067597466349,1.41256244430233,1.21907758239678,1.21572583727629,1.30665273460059,1.11749529551038,1.02220032714085,1.02323677144568,1.12056324475708,1.03164330842341,1.13077398953837,1.41901677240357,1.70753694590482,1.52163572442911,1.52452093285172
Trinidad and Tobago,TTO,7.65649079006728,8.68092519836512,9.42075739408766,11.4144454494891,11.8280425849707,12.848090975723,14.5687578324814,14.8029296803073,14.3738924009811,13.5884407732617,15.216663086666,15.675835712794,15.0449849639387,15.4158062234277,15.1930746849383,14.6078180410362,12.4614616634401,12.3426982288059,11.816238679137,11.3095456997461
Tunisia,TUN,2.09232172509197,2.15805248219557,2.15066302382765,2.10912556831124,2.18417295990287,2.21113194878361,2.27976032741273,2.33923213641835,2.36414809210908,2.34503143728514,2.5259147613707,2.38748545687696,2.48693828693068,2.464539863022,2.62053872000638,2.6371848382147,2.53387338611922,2.53652319064425,2.50480991305137,2.48229897962756
Turkiye,TUR,3.37526170561114,3.03924799135628,3.15372355112502,3.27753498598963,3.31341384668404,3.42043482750784,3.75107739060495,4.10067601937393,4.0267397508181,3.98514974124723,4.05913771362869,4.28345008499495,4.36890533540618,4.15495099376394,4.3609137687133,4.41439884708455,4.62346085108821,5.0664012114788,4.97202598135987,4.75361752810222
Turkmenistan,TKM,8.42829666553735,8.43995828347818,8.81257328149758,9.73946529684906,10.2431803969725,10.3545497188446,10.480358142624,11.6380563534746,11.6233400082502,10.1120313080476,11.2339288768113,12.2089730356549,12.642246266815,12.6292808343568,12.6078200842709,12.7288441543615,12.497100454079,12.2512249543272,12.0443871594733,11.8325808805801
Turks and Caicos Islands,TCA,..,..,..,..,..,..,..,..,..,..,..,..,..,..,..,..,..,..,..,..
Tuvalu,TUV,1.03755965968043,1.03939299449122,1.04069099557525,1.03434006790263,1.02134611137602,1.00887810497201,0.99700895079587,0.985318728592234,0.97352022746131,0.960799363612854,0.947867277391714,0.934579418362858,0.921319308686436,0.915918645950044,0.917515347874354,0.919371129583762,0.921489105831421,0.92353156413766,0.920386541783947,0.912741856195927
Uganda,UGA,0.0541199949360337,0.0524969889948139,0.058328234879452,0.05957183757986,0.0600454929422465,0.0722807371306476,0.0834108769019001,0.0968619261051838,0.0973455739855601,0.106963716858623,0.102962956206485,0.112326689065632,0.110289949401999,0.104610904346242,0.113109290169721,0.125942710317976,0.127747538266522,0.128840659028533,0.141152460033547,0.136440643979205
Ukraine,UKR,6.04719734019298,6.17622640889064,6.30548605582672,6.90670661176595,6.47269736654415,6.27128609005812,6.49720827214126,6.71133828126488,6.51127981268422,5.46366548637248,5.86256091715924,6.199174358047,6.0778607839619,5.94135151394603,5.25113053989895,4.23151559085923,4.48086810145491,3.90219882769879,4.15978307448244,3.93658353086744
United Arab Emirates,ARE,25.8691253683213,28.1396723638888,27.2865755075479,27.2247414462007,27.5483754663028,27.2039685849692,24.8134596811062,22.4482278843418,22.328950732757,19.6455646307356,19.1929248368216,19.3114923903879,20.2643536679578,21.0778366235953,20.9100293230277,21.8955048714989,22.3564734354616,21.7284474708515,19.3781969586326,20.5022832059804
United Kingdom,GBR,9.01455828494603,9.22298741402037,8.94030142534885,9.10414144781345,9.05315858404864,8.95545004366562,8.90860027785501,8.65098976862687,8.33789163921445,7.49065398801783,7.68628233356203,7.04391999055769,7.34346028155944,7.07581833313404,6.4332077800625,6.15944833302231,5.80400475200463,5.55565151375079,5.42774817696291,5.22051448799294
United States of America,USA,20.4698066603918,20.1715306146243,19.4455490036168,19.5064994461044,19.5976305014211,19.46926248422,18.9459137521463,19.0429135193113,18.2784944927598,16.8086986187732,17.4317384856241,16.6042181730945,15.7897826401987,16.1111844319086,16.0409210313094,15.5600349639355,15.1498852011993,14.8232608676439,15.2225476514566,14.6734106066885
Uruguay,URY,1.65845337376801,1.49957330323281,1.37005324147878,1.35641262107816,1.64765477412403,1.63367913164649,1.90531686464486,1.75746868765532,2.32305374557196,2.29355331398833,1.87314462788055,2.26377807404976,2.5273403504886,2.17675490021661,1.91646455336646,1.95132383409445,1.90991414787262,1.7824790791399,1.90835127257064,1.89300628108203
Uzbekistan,UZB,5.02263654950832,5.03515999751647,5.13971076077327,4.76813487599013,4.82672080828983,4.55497391529048,4.80816968317469,4.56230466841801,4.72039515664375,4.19664782368162,4.41979658095153,4.38420706908843,3.79989586356271,3.69868269926304,3.4095528191829,3.16848190092768,3.30414260773659,3.38174539125794,3.41272180933736,3.47554445038462
Vanuatu,VUT,0.468569405541614,0.456773957794086,0.395794672662267,0.434241397563803,0.329532724002331,0.321643877269993,0.314009771526595,0.481727208408128,0.427438113331436,0.542369467233073,0.529632944928878,0.517322320595112,0.466358082637842,0.417403444731815,0.592752842152586,0.506442676462881,0.635552850286906,0.585724185199573,0.706361944727139,0.689872647677064
"Venezuela, RB",VEN,5.38404531997223,5.45815482293292,5.55644840345176,5.2660713504147,5.32315511498362,5.52631118676059,5.44349339002038,5.17309709715639,5.40956912752904,5.38656375624035,5.71477904852436,5.50038213931031,6.14616174475432,6.04698256214046,5.93642479699157,5.34331878104641,4.91420991935254,4.60746694666856,4.43007919668391,3.87757923272497
Vietnam,VNM,0.64821847765188,0.710618638251476,0.824629176039952,0.870196791819891,1.03327342030459,1.11098959854911,1.1300532299079,1.24041039285591,1.37375918854547,1.52966607391534,1.73216166015912,1.76538268311955,1.74151954106998,1.82014089276965,1.98245186563761,2.39339025856278,2.40232298597431,2.45073409667888,3.00902936472834,3.51327550460568
Virgin Islands (U.S.),VIR,..,..,..,..,..,..,..,..,..,..,..,..,..,..,..,..,..,..,..,..
West Bank and Gaza,PSE,..,..,..,..,..,..,..,..,..,..,..,..,..,..,..,..,..,..,..,..
"Yemen, Rep.",YEM,0.806819584834154,0.83945130704449,0.818385846725839,0.92625622568928,0.94678120713821,0.990118960625188,0.997892320148525,1.02775705686441,1.03819259979357,1.10572010594206,1.02772614784949,0.900861677617906,0.801193111481341,1.03135183297519,0.988350803391762,0.475162758697973,0.370636047010918,0.333284630124548,0.315681660355214,0.351859419470324
Zambia,ZMB,0.182992125474769,0.180534389642664,0.182712813048879,0.191917798993045,0.188594239482146,0.198013463346586,0.182098138594321,0.159650730895834,0.170388691390023,0.186963789134036,0.192864232852861,0.213797821303171,0.273319341134148,0.278306954413198,0.298008752384814,0.305264021874812,0.317275524839684,0.393685899164122,0.4333957385298,0.369957765009845
Zimbabwe,ZWE,1.15761513031704,1.1669906534963,1.04216694055478,0.843006401314742,0.80339577846076,0.859731090589871,0.797210810252151,0.783899997886188,0.605560938245976,0.611207896648294,0.747676915847621,0.875954873154447,0.905367550111022,0.905910545091934,0.87184001646869,0.878138864565473,0.762487106756196,0.700964636645624,0.822472015651742,0.765893875563726
